imageName,Class
Shirt_SamsungGalaxyS24_255X255_13.jpeg,Shirt
Shirt_RedmiNote10ProMax_255X255_43.jpeg,Shirt
Shirt_RedmiNote10ProMax_255X255_65.jpeg,Shirt
Shirt_SamsungGalaxyS24_255X255_21.jpeg,Shirt
Shirt_RedmiNote10ProMax_255X255_32.jpeg,Shirt
Shirt_RedmiNote10ProMax_255X255_38.jpeg,Shirt
Shirt_SamsungGalaxyS24_255X255_81.jpeg,Shirt
Shirt_RealmeC17_255X255_12.jpeg,Shirt
Shirt_SamsungGalaxyA54_255X255_68.jpeg,Shirt
Shirt_RealmeC17_255X255_97.jpeg,Shirt
Shirt_RealmeC17_255X255_84.jpeg,Shirt
Shirt_RealmeC17_255X255_6.jpeg,Shirt
Shirt_SamsungGalaxyS24_255X255_7.jpeg,Shirt
Shirt_RedmiNote10ProMax_255X255_87.jpeg,Shirt
Shirt_SamsungGalaxyA54_255X255_18.jpeg,Shirt
Shirt_RedmiNote10ProMax_255X255_55.jpeg,Shirt
Shirt_RealmeC17_255X255_74.jpeg,Shirt
Shirt_SamsungGalaxyA54_255X255_67.jpeg,Shirt
Shirt_RedmiNote10ProMax_255X255_73.jpeg,Shirt
Shirt_RedmiNote10ProMax_255X255_68.jpeg,Shirt
Shirt_RedmiNote10ProMax_255X255_26.jpeg,Shirt
Shirt_RedmiNote10ProMax_255X255_41.jpeg,Shirt
Shirt_RealmeC17_255X255_23.jpeg,Shirt
Shirt_SamsungGalaxyA54_255X255_30.jpeg,Shirt
Shirt_RedmiNote10ProMax_255X255_95.jpeg,Shirt
Shirt_RealmeC17_255X255_70.jpeg,Shirt
Shirt_SamsungGalaxyA54_255X255_21.jpeg,Shirt
Shirt_SamsungGalaxyS24_255X255_76.jpeg,Shirt
Shirt_RealmeC17_255X255_16.jpeg,Shirt
Shirt_RedmiNote10ProMax_255X255_96.jpeg,Shirt
Shirt_SamsungGalaxyA54_255X255_99.jpeg,Shirt
Shirt_RedmiNote14_255X255_22.jpeg,Shirt
Shirt_RealmeC17_255X255_13.jpeg,Shirt
Shirt_SamsungGalaxyA54_255X255_4.jpeg,Shirt
Shirt_SamsungGalaxyS24_255X255_4.jpeg,Shirt
Shirt_RedmiNote10ProMax_255X255_81.jpeg,Shirt
Shirt_RedmiNote10ProMax_255X255_80.jpeg,Shirt
Shirt_RedmiNote10ProMax_255X255_2.jpeg,Shirt
Shirt_RedmiNote10ProMax_255X255_59.jpeg,Shirt
Shirt_SamsungGalaxyS24_255X255_57.jpeg,Shirt
Shirt_SamsungGalaxyS24_255X255_54.jpeg,Shirt
Shirt_SamsungGalaxyA54_255X255_17.jpeg,Shirt
Shirt_RedmiNote10ProMax_255X255_35.jpeg,Shirt
Shirt_RedmiNote10ProMax_255X255_36.jpeg,Shirt
Shirt_RealmeC17_255X255_38.jpeg,Shirt
Shirt_SamsungGalaxyS24_255X255_84.jpeg,Shirt
Shirt_RealmeC17_255X255_85.jpeg,Shirt
Shirt_SamsungGalaxyS24_255X255_64.jpeg,Shirt
Shirt_RealmeC17_255X255_89.jpeg,Shirt
Shirt_RealmeC17_255X255_42.jpeg,Shirt
Shirt_SamsungGalaxyA54_255X255_71.jpeg,Shirt
Shirt_SamsungGalaxyA54_255X255_41.jpeg,Shirt
Shirt_RedmiNote14_255X255_16.jpeg,Shirt
Shirt_RedmiNote14_255X255_30.jpeg,Shirt
Shirt_RealmeC17_255X255_96.jpeg,Shirt
Shirt_RedmiNote10ProMax_255X255_56.jpeg,Shirt
Shirt_RealmeC17_255X255_20.jpeg,Shirt
Shirt_RealmeC17_255X255_72.jpeg,Shirt
Shirt_RedmiNote14_255X255_20.jpeg,Shirt
Shirt_SamsungGalaxyA54_255X255_44.jpeg,Shirt
Shirt_SamsungGalaxyA54_255X255_89.jpeg,Shirt
Shirt_SamsungGalaxyA54_255X255_42.jpeg,Shirt
Shirt_RedmiNote10ProMax_255X255_3.jpeg,Shirt
Shirt_RealmeC17_255X255_24.jpeg,Shirt
Shirt_SamsungGalaxyA54_255X255_53.jpeg,Shirt
Shirt_SamsungGalaxyS24_255X255_70.jpeg,Shirt
Shirt_SamsungGalaxyS24_255X255_75.jpeg,Shirt
Shirt_RedmiNote10ProMax_255X255_100.jpeg,Shirt
Shirt_SamsungGalaxyS24_255X255_52.jpeg,Shirt
Shirt_SamsungGalaxyS24_255X255_56.jpeg,Shirt
Shirt_SamsungGalaxyA54_255X255_90.jpeg,Shirt
Shirt_RedmiNote10ProMax_255X255_75.jpeg,Shirt
Shirt_RedmiNote10ProMax_255X255_13.jpeg,Shirt
Shirt_SamsungGalaxyA54_255X255_49.jpeg,Shirt
Shirt_RedmiNote14_255X255_13.jpeg,Shirt
Shirt_RealmeC17_255X255_2.jpeg,Shirt
Shirt_RealmeC17_255X255_54.jpeg,Shirt
Shirt_SamsungGalaxyA54_255X255_10.jpeg,Shirt
Shirt_RedmiNote14_255X255_24.jpeg,Shirt
Shirt_RedmiNote14_255X255_26.jpeg,Shirt
Shirt_RedmiNote10ProMax_255X255_92.jpeg,Shirt
Shirt_RedmiNote14_255X255_31.jpeg,Shirt
Shirt_SamsungGalaxyA54_255X255_45.jpeg,Shirt
Shirt_SamsungGalaxyA54_255X255_76.jpeg,Shirt
Shirt_RedmiNote10ProMax_255X255_29.jpeg,Shirt
Shirt_RedmiNote10ProMax_255X255_23.jpeg,Shirt
Shirt_RedmiNote10ProMax_255X255_63.jpeg,Shirt
Shirt_RedmiNote10ProMax_255X255_12.jpeg,Shirt
Shirt_SamsungGalaxyS24_255X255_20.jpeg,Shirt
Shirt_RealmeC17_255X255_39.jpeg,Shirt
Shirt_SamsungGalaxyA54_255X255_16.jpeg,Shirt
Shirt_SamsungGalaxyA54_255X255_55.jpeg,Shirt
Shirt_RedmiNote10ProMax_255X255_94.jpeg,Shirt
Shirt_RedmiNote10ProMax_255X255_40.jpeg,Shirt
Shirt_RealmeC17_255X255_69.jpeg,Shirt
Shirt_SamsungGalaxyS24_255X255_15.jpeg,Shirt
Shirt_SamsungGalaxyA54_255X255_94.jpeg,Shirt
Shirt_RealmeC17_255X255_3.jpeg,Shirt
Shirt_SamsungGalaxyS24_255X255_55.jpeg,Shirt
Shirt_RealmeC17_255X255_53.jpeg,Shirt
Shirt_RealmeC17_255X255_21.jpeg,Shirt
Shirt_RedmiNote10ProMax_255X255_16.jpeg,Shirt
Shirt_RedmiNote10ProMax_255X255_4.jpeg,Shirt
Shirt_RedmiNote10ProMax_255X255_85.jpeg,Shirt
Shirt_SamsungGalaxyA54_255X255_33.jpeg,Shirt
Shirt_SamsungGalaxyS24_255X255_27.jpeg,Shirt
Shirt_RealmeC17_255X255_68.jpeg,Shirt
Shirt_SamsungGalaxyS24_255X255_37.jpeg,Shirt
Shirt_SamsungGalaxyA54_255X255_75.jpeg,Shirt
Shirt_SamsungGalaxyS24_255X255_10.jpeg,Shirt
Shirt_RedmiNote14_255X255_5.jpeg,Shirt
Shirt_SamsungGalaxyS24_255X255_11.jpeg,Shirt
Shirt_SamsungGalaxyS24_255X255_30.jpeg,Shirt
Shirt_SamsungGalaxyS24_255X255_42.jpeg,Shirt
Shirt_RedmiNote10ProMax_255X255_30.jpeg,Shirt
Shirt_SamsungGalaxyA54_255X255_63.jpeg,Shirt
Shirt_SamsungGalaxyA54_255X255_59.jpeg,Shirt
Shirt_RedmiNote10ProMax_255X255_64.jpeg,Shirt
Shirt_RealmeC17_255X255_63.jpeg,Shirt
Shirt_RedmiNote10ProMax_255X255_8.jpeg,Shirt
Shirt_SamsungGalaxyA54_255X255_20.jpeg,Shirt
Shirt_SamsungGalaxyA54_255X255_88.jpeg,Shirt
Shirt_RedmiNote10ProMax_255X255_20.jpeg,Shirt
Shirt_RealmeC17_255X255_8.jpeg,Shirt
Shirt_SamsungGalaxyA54_255X255_32.jpeg,Shirt
Shirt_RedmiNote10ProMax_255X255_88.jpeg,Shirt
Shirt_RedmiNote14_255X255_17.jpeg,Shirt
Shirt_RedmiNote14_255X255_15.jpeg,Shirt
Shirt_RealmeC17_255X255_35.jpeg,Shirt
Shirt_RedmiNote14_255X255_3.jpeg,Shirt
Shirt_SamsungGalaxyS24_255X255_73.jpeg,Shirt
Shirt_RedmiNote10ProMax_255X255_44.jpeg,Shirt
Shirt_SamsungGalaxyA54_255X255_82.jpeg,Shirt
Shirt_RealmeC17_255X255_9.jpeg,Shirt
Shirt_SamsungGalaxyS24_255X255_24.jpeg,Shirt
Shirt_SamsungGalaxyA54_255X255_108.jpeg,Shirt
Shirt_RealmeC17_255X255_30.jpeg,Shirt
Shirt_RealmeC17_255X255_36.jpeg,Shirt
Shirt_SamsungGalaxyA54_255X255_7.jpeg,Shirt
Shirt_RealmeC17_255X255_71.jpeg,Shirt
Shirt_SamsungGalaxyA54_255X255_46.jpeg,Shirt
Shirt_SamsungGalaxyA54_255X255_43.jpeg,Shirt
Shirt_SamsungGalaxyS24_255X255_9.jpeg,Shirt
Shirt_RedmiNote10ProMax_255X255_52.jpeg,Shirt
Shirt_SamsungGalaxyA54_255X255_36.jpeg,Shirt
Shirt_RealmeC17_255X255_65.jpeg,Shirt
Shirt_SamsungGalaxyA54_255X255_85.jpeg,Shirt
Shirt_SamsungGalaxyA54_255X255_80.jpeg,Shirt
Shirt_RedmiNote10ProMax_255X255_6.jpeg,Shirt
Shirt_RedmiNote10ProMax_255X255_83.jpeg,Shirt
Shirt_RedmiNote10ProMax_255X255_54.jpeg,Shirt
Shirt_SamsungGalaxyA54_255X255_50.jpeg,Shirt
Shirt_RealmeC17_255X255_58.jpeg,Shirt
Shirt_RealmeC17_255X255_1.jpeg,Shirt
Shirt_SamsungGalaxyS24_255X255_87.jpeg,Shirt
Shirt_RealmeC17_255X255_91.jpeg,Shirt
Shirt_RedmiNote10ProMax_255X255_77.jpeg,Shirt
Shirt_RedmiNote14_255X255_7.jpeg,Shirt
Shirt_SamsungGalaxyS24_255X255_40.jpeg,Shirt
Shirt_RedmiNote10ProMax_255X255_53.jpeg,Shirt
Shirt_RealmeC17_255X255_86.jpeg,Shirt
Shirt_SamsungGalaxyS24_255X255_46.jpeg,Shirt
Shirt_RedmiNote10ProMax_255X255_60.jpeg,Shirt
Shirt_SamsungGalaxyA54_255X255_14.jpeg,Shirt
Shirt_SamsungGalaxyA54_255X255_3.jpeg,Shirt
Shirt_SamsungGalaxyS24_255X255_25.jpeg,Shirt
Shirt_RedmiNote14_255X255_9.jpeg,Shirt
Shirt_RealmeC17_255X255_61.jpeg,Shirt
Shirt_SamsungGalaxyS24_255X255_28.jpeg,Shirt
Shirt_SamsungGalaxyA54_255X255_35.jpeg,Shirt
Shirt_RealmeC17_255X255_4.jpeg,Shirt
Shirt_RealmeC17_255X255_31.jpeg,Shirt
Shirt_RealmeC17_255X255_57.jpeg,Shirt
Shirt_SamsungGalaxyA54_255X255_61.jpeg,Shirt
Shirt_RedmiNote10ProMax_255X255_39.jpeg,Shirt
Shirt_RealmeC17_255X255_11.jpeg,Shirt
Shirt_SamsungGalaxyS24_255X255_77.jpeg,Shirt
Shirt_SamsungGalaxyS24_255X255_72.jpeg,Shirt
Shirt_SamsungGalaxyS24_255X255_79.jpeg,Shirt
Shirt_SamsungGalaxyS24_255X255_6.jpeg,Shirt
Shirt_RealmeC17_255X255_82.jpeg,Shirt
Shirt_RedmiNote10ProMax_255X255_9.jpeg,Shirt
Shirt_RealmeC17_255X255_73.jpeg,Shirt
Shirt_SamsungGalaxyA54_255X255_6.jpeg,Shirt
Shirt_SamsungGalaxyS24_255X255_16.jpeg,Shirt
Shirt_RedmiNote10ProMax_255X255_48.jpeg,Shirt
Shirt_SamsungGalaxyS24_255X255_5.jpeg,Shirt
Shirt_RedmiNote10ProMax_255X255_31.jpeg,Shirt
Shirt_RedmiNote14_255X255_35.jpeg,Shirt
Shirt_SamsungGalaxyA54_255X255_51.jpeg,Shirt
Shirt_RedmiNote14_255X255_25.jpeg,Shirt
Shirt_RedmiNote10ProMax_255X255_58.jpeg,Shirt
Shirt_RedmiNote14_255X255_36.jpeg,Shirt
Shirt_RedmiNote10ProMax_255X255_21.jpeg,Shirt
Shirt_SamsungGalaxyA54_255X255_47.jpeg,Shirt
Shirt_SamsungGalaxyS24_255X255_39.jpeg,Shirt
Shirt_SamsungGalaxyA54_255X255_84.jpeg,Shirt
Shirt_SamsungGalaxyS24_255X255_80.jpeg,Shirt
Shirt_SamsungGalaxyA54_255X255_11.jpeg,Shirt
Shirt_SamsungGalaxyA54_255X255_79.jpeg,Shirt
Shirt_SamsungGalaxyA54_255X255_105.jpeg,Shirt
Shirt_RedmiNote14_255X255_4.jpeg,Shirt
Shirt_RealmeC17_255X255_45.jpeg,Shirt
Shirt_SamsungGalaxyA54_255X255_29.jpeg,Shirt
Shirt_SamsungGalaxyS24_255X255_58.jpeg,Shirt
Shirt_RealmeC17_255X255_17.jpeg,Shirt
Shirt_SamsungGalaxyS24_255X255_49.jpeg,Shirt
Shirt_RealmeC17_255X255_50.jpeg,Shirt
Shirt_RedmiNote14_255X255_23.jpeg,Shirt
Shirt_SamsungGalaxyA54_255X255_65.jpeg,Shirt
Shirt_SamsungGalaxyA54_255X255_91.jpeg,Shirt
Shirt_RedmiNote10ProMax_255X255_61.jpeg,Shirt
Shirt_SamsungGalaxyA54_255X255_97.jpeg,Shirt
Shirt_SamsungGalaxyS24_255X255_19.jpeg,Shirt
Shirt_RealmeC17_255X255_15.jpeg,Shirt
Shirt_SamsungGalaxyS24_255X255_53.jpeg,Shirt
Shirt_RealmeC17_255X255_100.jpeg,Shirt
Shirt_RealmeC17_255X255_62.jpeg,Shirt
Shirt_SamsungGalaxyA54_255X255_81.jpeg,Shirt
Shirt_SamsungGalaxyS24_255X255_35.jpeg,Shirt
Shirt_SamsungGalaxyA54_255X255_86.jpeg,Shirt
Shirt_RealmeC17_255X255_92.jpeg,Shirt
Shirt_RedmiNote10ProMax_255X255_57.jpeg,Shirt
Shirt_RealmeC17_255X255_43.jpeg,Shirt
Shirt_SamsungGalaxyA54_255X255_77.jpeg,Shirt
Shirt_SamsungGalaxyA54_255X255_52.jpeg,Shirt
Shirt_RealmeC17_255X255_49.jpeg,Shirt
Shirt_SamsungGalaxyA54_255X255_66.jpeg,Shirt
Shirt_RedmiNote10ProMax_255X255_22.jpeg,Shirt
Shirt_RealmeC17_255X255_46.jpeg,Shirt
Shirt_SamsungGalaxyS24_255X255_48.jpeg,Shirt
Shirt_SamsungGalaxyS24_255X255_41.jpeg,Shirt
Shirt_SamsungGalaxyS24_255X255_68.jpeg,Shirt
Shirt_RealmeC17_255X255_67.jpeg,Shirt
Shirt_SamsungGalaxyA54_255X255_106.jpeg,Shirt
Shirt_RedmiNote10ProMax_255X255_25.jpeg,Shirt
Shirt_SamsungGalaxyA54_255X255_38.jpeg,Shirt
Shirt_RealmeC17_255X255_87.jpeg,Shirt
Shirt_RedmiNote10ProMax_255X255_42.jpeg,Shirt
Shirt_SamsungGalaxyA54_255X255_27.jpeg,Shirt
Shirt_SamsungGalaxyA54_255X255_1.jpeg,Shirt
Shirt_SamsungGalaxyS24_255X255_78.jpeg,Shirt
Shirt_RedmiNote14_255X255_34.jpeg,Shirt
Shirt_SamsungGalaxyS24_255X255_89.jpeg,Shirt
Shirt_RedmiNote10ProMax_255X255_28.jpeg,Shirt
Shirt_SamsungGalaxyS24_255X255_65.jpeg,Shirt
Shirt_SamsungGalaxyA54_255X255_109.jpeg,Shirt
Shirt_SamsungGalaxyS24_255X255_86.jpeg,Shirt
Shirt_SamsungGalaxyA54_255X255_103.jpeg,Shirt
Shirt_SamsungGalaxyS24_255X255_60.jpeg,Shirt
Shirt_RedmiNote14_255X255_38.jpeg,Shirt
Shirt_RealmeC17_255X255_14.jpeg,Shirt
Shirt_RedmiNote10ProMax_255X255_97.jpeg,Shirt
Shirt_SamsungGalaxyS24_255X255_50.jpeg,Shirt
Shirt_SamsungGalaxyS24_255X255_88.jpeg,Shirt
Shirt_RedmiNote10ProMax_255X255_86.jpeg,Shirt
Shirt_RedmiNote10ProMax_255X255_90.jpeg,Shirt
Shirt_RealmeC17_255X255_19.jpeg,Shirt
Shirt_RedmiNote10ProMax_255X255_37.jpeg,Shirt
Shirt_RealmeC17_255X255_10.jpeg,Shirt
Shirt_RealmeC17_255X255_66.jpeg,Shirt
Shirt_SamsungGalaxyA54_255X255_87.jpeg,Shirt
Shirt_SamsungGalaxyS24_255X255_17.jpeg,Shirt
Shirt_RedmiNote10ProMax_255X255_69.jpeg,Shirt
Shirt_RedmiNote14_255X255_14.jpeg,Shirt
Shirt_SamsungGalaxyS24_255X255_38.jpeg,Shirt
Shirt_SamsungGalaxyA54_255X255_62.jpeg,Shirt
Shirt_SamsungGalaxyA54_255X255_12.jpeg,Shirt
Shirt_SamsungGalaxyA54_255X255_60.jpeg,Shirt
Shirt_SamsungGalaxyA54_255X255_31.jpeg,Shirt
Shirt_SamsungGalaxyA54_255X255_8.jpeg,Shirt
Shirt_SamsungGalaxyA54_255X255_58.jpeg,Shirt
Shirt_SamsungGalaxyA54_255X255_25.jpeg,Shirt
Shirt_RealmeC17_255X255_80.jpeg,Shirt
Shirt_RealmeC17_255X255_56.jpeg,Shirt
Shirt_RedmiNote10ProMax_255X255_15.jpeg,Shirt
Shirt_RealmeC17_255X255_28.jpeg,Shirt
Shirt_RedmiNote14_255X255_27.jpeg,Shirt
Shirt_RedmiNote10ProMax_255X255_82.jpeg,Shirt
Shirt_SamsungGalaxyA54_255X255_2.jpeg,Shirt
Shirt_RedmiNote14_255X255_1.jpeg,Shirt
Shirt_RedmiNote10ProMax_255X255_76.jpeg,Shirt
Shirt_SamsungGalaxyS24_255X255_71.jpeg,Shirt
Shirt_SamsungGalaxyS24_255X255_63.jpeg,Shirt
Shirt_SamsungGalaxyS24_255X255_83.jpeg,Shirt
Shirt_RealmeC17_255X255_29.jpeg,Shirt
Shirt_RedmiNote14_255X255_29.jpeg,Shirt
Shirt_RedmiNote14_255X255_21.jpeg,Shirt
Shirt_SamsungGalaxyS24_255X255_18.jpeg,Shirt
Shirt_RealmeC17_255X255_47.jpeg,Shirt
Shirt_SamsungGalaxyS24_255X255_74.jpeg,Shirt
Shirt_RedmiNote10ProMax_255X255_99.jpeg,Shirt
Shirt_RedmiNote14_255X255_8.jpeg,Shirt
Shirt_RedmiNote10ProMax_255X255_89.jpeg,Shirt
Shirt_SamsungGalaxyA54_255X255_96.jpeg,Shirt
Shirt_SamsungGalaxyS24_255X255_26.jpeg,Shirt
Shirt_RealmeC17_255X255_90.jpeg,Shirt
Shirt_RealmeC17_255X255_40.jpeg,Shirt
Shirt_RedmiNote10ProMax_255X255_27.jpeg,Shirt
Shirt_RealmeC17_255X255_22.jpeg,Shirt
Shirt_SamsungGalaxyS24_255X255_44.jpeg,Shirt
Shirt_RedmiNote10ProMax_255X255_33.jpeg,Shirt
Shirt_RealmeC17_255X255_34.jpeg,Shirt
Shirt_RedmiNote10ProMax_255X255_78.jpeg,Shirt
Shirt_SamsungGalaxyS24_255X255_82.jpeg,Shirt
Shirt_SamsungGalaxyA54_255X255_23.jpeg,Shirt
Shirt_RealmeC17_255X255_76.jpeg,Shirt
Shirt_SamsungGalaxyS24_255X255_33.jpeg,Shirt
Shirt_RealmeC17_255X255_94.jpeg,Shirt
Shirt_SamsungGalaxyS24_255X255_22.jpeg,Shirt
Shirt_SamsungGalaxyA54_255X255_37.jpeg,Shirt
Shirt_RealmeC17_255X255_88.jpeg,Shirt
Shirt_RedmiNote10ProMax_255X255_51.jpeg,Shirt
Shirt_RedmiNote10ProMax_255X255_17.jpeg,Shirt
Shirt_SamsungGalaxyA54_255X255_39.jpeg,Shirt
Shirt_RealmeC17_255X255_37.jpeg,Shirt
Shirt_RedmiNote10ProMax_255X255_47.jpeg,Shirt
Shirt_RedmiNote10ProMax_255X255_34.jpeg,Shirt
Shirt_SamsungGalaxyA54_255X255_40.jpeg,Shirt
Shirt_RedmiNote10ProMax_255X255_1.jpeg,Shirt
Shirt_RealmeC17_255X255_99.jpeg,Shirt
Shirt_SamsungGalaxyS24_255X255_61.jpeg,Shirt
Shirt_SamsungGalaxyS24_255X255_45.jpeg,Shirt
Shirt_SamsungGalaxyA54_255X255_83.jpeg,Shirt
Shirt_RedmiNote14_255X255_11.jpeg,Shirt
Shirt_SamsungGalaxyA54_255X255_34.jpeg,Shirt
Shirt_RealmeC17_255X255_7.jpeg,Shirt
Shirt_SamsungGalaxyS24_255X255_29.jpeg,Shirt
Shirt_RedmiNote10ProMax_255X255_50.jpeg,Shirt
Shirt_SamsungGalaxyA54_255X255_102.jpeg,Shirt
Shirt_RedmiNote10ProMax_255X255_10.jpeg,Shirt
Shirt_SamsungGalaxyA54_255X255_73.jpeg,Shirt
Shirt_RedmiNote10ProMax_255X255_49.jpeg,Shirt
Shirt_RedmiNote14_255X255_28.jpeg,Shirt
Shirt_SamsungGalaxyS24_255X255_8.jpeg,Shirt
Shirt_RedmiNote10ProMax_255X255_71.jpeg,Shirt
Shirt_RedmiNote14_255X255_18.jpeg,Shirt
Shirt_RedmiNote14_255X255_2.jpeg,Shirt
Shirt_RealmeC17_255X255_33.jpeg,Shirt
Shirt_SamsungGalaxyA54_255X255_101.jpeg,Shirt
Shirt_SamsungGalaxyS24_255X255_2.jpeg,Shirt
Shirt_RealmeC17_255X255_83.jpeg,Shirt
Shirt_RealmeC17_255X255_78.jpeg,Shirt
Shirt_SamsungGalaxyA54_255X255_104.jpeg,Shirt
Shirt_RealmeC17_255X255_55.jpeg,Shirt
Shirt_SamsungGalaxyA54_255X255_100.jpeg,Shirt
Shirt_RealmeC17_255X255_44.jpeg,Shirt
Shirt_RedmiNote10ProMax_255X255_46.jpeg,Shirt
Shirt_SamsungGalaxyA54_255X255_28.jpeg,Shirt
Shirt_RealmeC17_255X255_51.jpeg,Shirt
Shirt_SamsungGalaxyA54_255X255_26.jpeg,Shirt
Shirt_RedmiNote10ProMax_255X255_70.jpeg,Shirt
Shirt_SamsungGalaxyA54_255X255_54.jpeg,Shirt
Shirt_RealmeC17_255X255_41.jpeg,Shirt
Shirt_RedmiNote14_255X255_19.jpeg,Shirt
Shirt_RealmeC17_255X255_98.jpeg,Shirt
Shirt_SamsungGalaxyS24_255X255_14.jpeg,Shirt
Shirt_SamsungGalaxyS24_255X255_36.jpeg,Shirt
Shirt_SamsungGalaxyS24_255X255_51.jpeg,Shirt
Shirt_RealmeC17_255X255_48.jpeg,Shirt
Shirt_RedmiNote14_255X255_32.jpeg,Shirt
Shirt_RedmiNote10ProMax_255X255_45.jpeg,Shirt
Shirt_SamsungGalaxyA54_255X255_69.jpeg,Shirt
Shirt_SamsungGalaxyA54_255X255_24.jpeg,Shirt
Shirt_RedmiNote10ProMax_255X255_79.jpeg,Shirt
Shirt_SamsungGalaxyA54_255X255_70.jpeg,Shirt
Shirt_RealmeC17_255X255_77.jpeg,Shirt
Shirt_RedmiNote10ProMax_255X255_67.jpeg,Shirt
Shirt_RedmiNote10ProMax_255X255_91.jpeg,Shirt
Shirt_RealmeC17_255X255_79.jpeg,Shirt
Shirt_SamsungGalaxyS24_255X255_85.jpeg,Shirt
Shirt_SamsungGalaxyA54_255X255_98.jpeg,Shirt
Shirt_RedmiNote10ProMax_255X255_72.jpeg,Shirt
Shirt_SamsungGalaxyS24_255X255_23.jpeg,Shirt
Shirt_RedmiNote14_255X255_6.jpeg,Shirt
Shirt_RedmiNote10ProMax_255X255_66.jpeg,Shirt
Shirt_SamsungGalaxyS24_255X255_1.jpeg,Shirt
Shirt_SamsungGalaxyA54_255X255_93.jpeg,Shirt
Shirt_SamsungGalaxyA54_255X255_74.jpeg,Shirt
Shirt_RealmeC17_255X255_59.jpeg,Shirt
Shirt_SamsungGalaxyA54_255X255_5.jpeg,Shirt
Shirt_SamsungGalaxyA54_255X255_22.jpeg,Shirt
Shirt_RedmiNote10ProMax_255X255_93.jpeg,Shirt
Shirt_SamsungGalaxyA54_255X255_13.jpeg,Shirt
Shirt_SamsungGalaxyA54_255X255_64.jpeg,Shirt
Shirt_RedmiNote14_255X255_10.jpeg,Shirt
Shirt_RedmiNote10ProMax_255X255_14.jpeg,Shirt
Shirt_RedmiNote10ProMax_255X255_7.jpeg,Shirt
Shirt_RedmiNote14_255X255_33.jpeg,Shirt
Shirt_RealmeC17_255X255_5.jpeg,Shirt
Shirt_SamsungGalaxyA54_255X255_15.jpeg,Shirt
Shirt_RealmeC17_255X255_81.jpeg,Shirt
Shirt_RealmeC17_255X255_93.jpeg,Shirt
Shirt_RealmeC17_255X255_75.jpeg,Shirt
Shirt_RedmiNote14_255X255_12.jpeg,Shirt
Shirt_SamsungGalaxyA54_255X255_57.jpeg,Shirt
Shirt_RedmiNote10ProMax_255X255_24.jpeg,Shirt
Shirt_SamsungGalaxyS24_255X255_12.jpeg,Shirt
Shirt_RedmiNote10ProMax_255X255_62.jpeg,Shirt
Shirt_SamsungGalaxyA54_255X255_78.jpeg,Shirt
Shirt_SamsungGalaxyS24_255X255_67.jpeg,Shirt
Shirt_RealmeC17_255X255_64.jpeg,Shirt
Shirt_RedmiNote10ProMax_255X255_5.jpeg,Shirt
Shirt_SamsungGalaxyA54_255X255_48.jpeg,Shirt
Shirt_RedmiNote10ProMax_255X255_11.jpeg,Shirt
Shirt_RedmiNote14_255X255_37.jpeg,Shirt
Shirt_RealmeC17_255X255_27.jpeg,Shirt
Shirt_SamsungGalaxyS24_255X255_59.jpeg,Shirt
Shirt_RealmeC17_255X255_52.jpeg,Shirt
Shirt_SamsungGalaxyA54_255X255_107.jpeg,Shirt
Shirt_SamsungGalaxyS24_255X255_32.jpeg,Shirt
Shirt_SamsungGalaxyA54_255X255_92.jpeg,Shirt
Shirt_SamsungGalaxyS24_255X255_47.jpeg,Shirt
Shirt_RealmeC17_255X255_18.jpeg,Shirt
Shirt_SamsungGalaxyS24_255X255_66.jpeg,Shirt
Shirt_RedmiNote10ProMax_255X255_18.jpeg,Shirt
Shirt_SamsungGalaxyA54_255X255_56.jpeg,Shirt
Shirt_SamsungGalaxyS24_255X255_31.jpeg,Shirt
Shirt_RealmeC17_255X255_26.jpeg,Shirt
Shirt_SamsungGalaxyS24_255X255_34.jpeg,Shirt
Shirt_RedmiNote10ProMax_255X255_84.jpeg,Shirt
Shirt_RealmeC17_255X255_32.jpeg,Shirt
Shirt_SamsungGalaxyA54_255X255_95.jpeg,Shirt
Shirt_SamsungGalaxyA54_255X255_72.jpeg,Shirt
Shirt_SamsungGalaxyS24_255X255_69.jpeg,Shirt
Shirt_RedmiNote10ProMax_255X255_19.jpeg,Shirt
Shirt_SamsungGalaxyS24_255X255_62.jpeg,Shirt
Shirt_SamsungGalaxyS24_255X255_43.jpeg,Shirt
Shirt_SamsungGalaxyA54_255X255_9.jpeg,Shirt
Shirt_SamsungGalaxyS24_255X255_3.jpeg,Shirt
Shirt_RealmeC17_255X255_60.jpeg,Shirt
Shirt_SamsungGalaxyA54_255X255_19.jpeg,Shirt
Shirt_RealmeC17_255X255_95.jpeg,Shirt
Shirt_RedmiNote10ProMax_255X255_74.jpeg,Shirt
Shirt_RealmeC17_255X255_25.jpeg,Shirt
Shirt_RedmiNote10ProMax_255X255_98.jpeg,Shirt
TShirt_SamsungGalaxyS24_255X255_22.jpeg,TShirt
TShirt_RedmiNote10ProMax_255X255_19.jpeg,TShirt
TShirt_SamsungGalaxyA54_255X255_141.jpeg,TShirt
TShirt_RedmiNote14_255X255_14.jpeg,TShirt
TShirt_RedmiNote10ProMax_255X255_86.jpeg,TShirt
TShirt_SamsungGalaxyS24_255X255_37.jpeg,TShirt
TShirt_RealmeC17_255X255_38.jpeg,TShirt
TShirt_RealmeC17_255X255_48.jpeg,TShirt
TShirt_SamsungGalaxyA54_255X255_103.jpeg,TShirt
TShirt_SamsungGalaxyS24_255X255_44.jpeg,TShirt
TShirt_RedmiNote10ProMax_255X255_7.jpeg,TShirt
TShirt_SamsungGalaxyA54_255X255_170.jpeg,TShirt
TShirt_SamsungGalaxyS24_255X255_85.jpeg,TShirt
TShirt_SamsungGalaxyA54_255X255_91.jpeg,TShirt
TShirt_SamsungGalaxyS24_255X255_53.jpeg,TShirt
TShirt_RedmiNote14_255X255_52.jpeg,TShirt
TShirt_SamsungGalaxyA54_255X255_61.jpeg,TShirt
TShirt_SamsungGalaxyS24_255X255_84.jpeg,TShirt
TShirt_SamsungGalaxyA54_255X255_117.jpeg,TShirt
TShirt_SamsungGalaxyS24_255X255_65.jpeg,TShirt
TShirt_SamsungGalaxyS24_255X255_61.jpeg,TShirt
TShirt_RedmiNote14_255X255_26.jpeg,TShirt
TShirt_SamsungGalaxyA54_255X255_41.jpeg,TShirt
TShirt_RedmiNote10ProMax_255X255_44.jpeg,TShirt
TShirt_SamsungGalaxyA54_255X255_39.jpeg,TShirt
TShirt_RedmiNote14_255X255_17.jpeg,TShirt
TShirt_RealmeC17_255X255_99.jpeg,TShirt
TShirt_SamsungGalaxyA54_255X255_102.jpeg,TShirt
TShirt_RealmeC17_255X255_58.jpeg,TShirt
TShirt_RedmiNote10ProMax_255X255_63.jpeg,TShirt
TShirt_SamsungGalaxyS24_255X255_80.jpeg,TShirt
TShirt_SamsungGalaxyS24_255X255_55.jpeg,TShirt
TShirt_SamsungGalaxyA54_255X255_58.jpeg,TShirt
TShirt_RedmiNote10ProMax_255X255_21.jpeg,TShirt
TShirt_RedmiNote10ProMax_255X255_79.jpeg,TShirt
TShirt_RedmiNote14_255X255_25.jpeg,TShirt
TShirt_SamsungGalaxyA54_255X255_138.jpeg,TShirt
TShirt_SamsungGalaxyS24_255X255_28.jpeg,TShirt
TShirt_RealmeC17_255X255_77.jpeg,TShirt
TShirt_RealmeC17_255X255_97.jpeg,TShirt
TShirt_SamsungGalaxyS24_255X255_38.jpeg,TShirt
TShirt_SamsungGalaxyA54_255X255_90.jpeg,TShirt
TShirt_SamsungGalaxyS24_255X255_13.jpeg,TShirt
TShirt_RedmiNote10ProMax_255X255_66.jpeg,TShirt
TShirt_SamsungGalaxyA54_255X255_32.jpeg,TShirt
TShirt_SamsungGalaxyS24_255X255_45.jpeg,TShirt
TShirt_SamsungGalaxyA54_255X255_147.jpeg,TShirt
TShirt_SamsungGalaxyA54_255X255_1.jpeg,TShirt
TShirt_RealmeC17_255X255_27.jpeg,TShirt
TShirt_SamsungGalaxyA54_255X255_53.jpeg,TShirt
TShirt_SamsungGalaxyA54_255X255_154.jpeg,TShirt
TShirt_RealmeC17_255X255_92.jpeg,TShirt
TShirt_SamsungGalaxyA54_255X255_84.jpeg,TShirt
TShirt_RedmiNote14_255X255_57.jpeg,TShirt
TShirt_RedmiNote10ProMax_255X255_15.jpeg,TShirt
TShirt_SamsungGalaxyA54_255X255_69.jpeg,TShirt
TShirt_SamsungGalaxyA54_255X255_161.jpeg,TShirt
TShirt_RedmiNote14_255X255_32.jpeg,TShirt
TShirt_RedmiNote14_255X255_7.jpeg,TShirt
TShirt_RedmiNote10ProMax_255X255_22.jpeg,TShirt
TShirt_RealmeC17_255X255_35.jpeg,TShirt
TShirt_SamsungGalaxyA54_255X255_74.jpeg,TShirt
TShirt_RealmeC17_255X255_54.jpeg,TShirt
TShirt_SamsungGalaxyA54_255X255_38.jpeg,TShirt
TShirt_RedmiNote10ProMax_255X255_32.jpeg,TShirt
TShirt_RealmeC17_255X255_13.jpeg,TShirt
TShirt_RedmiNote10ProMax_255X255_36.jpeg,TShirt
TShirt_SamsungGalaxyA54_255X255_174.jpeg,TShirt
TShirt_SamsungGalaxyA54_255X255_132.jpeg,TShirt
TShirt_RedmiNote14_255X255_37.jpeg,TShirt
TShirt_SamsungGalaxyA54_255X255_14.jpeg,TShirt
TShirt_SamsungGalaxyA54_255X255_129.jpeg,TShirt
TShirt_RedmiNote10ProMax_255X255_2.jpeg,TShirt
TShirt_SamsungGalaxyS24_255X255_67.jpeg,TShirt
TShirt_RedmiNote14_255X255_11.jpeg,TShirt
TShirt_RealmeC17_255X255_87.jpeg,TShirt
TShirt_SamsungGalaxyA54_255X255_55.jpeg,TShirt
TShirt_RealmeC17_255X255_89.jpeg,TShirt
TShirt_SamsungGalaxyA54_255X255_16.jpeg,TShirt
TShirt_RealmeC17_255X255_23.jpeg,TShirt
TShirt_SamsungGalaxyA54_255X255_158.jpeg,TShirt
TShirt_SamsungGalaxyA54_255X255_11.jpeg,TShirt
TShirt_RedmiNote10ProMax_255X255_60.jpeg,TShirt
TShirt_SamsungGalaxyS24_255X255_46.jpeg,TShirt
TShirt_RealmeC17_255X255_18.jpeg,TShirt
TShirt_RealmeC17_255X255_41.jpeg,TShirt
TShirt_RedmiNote10ProMax_255X255_84.jpeg,TShirt
TShirt_RealmeC17_255X255_34.jpeg,TShirt
TShirt_RedmiNote14_255X255_51.jpeg,TShirt
TShirt_RealmeC17_255X255_71.jpeg,TShirt
TShirt_RealmeC17_255X255_57.jpeg,TShirt
TShirt_SamsungGalaxyS24_255X255_43.jpeg,TShirt
TShirt_RedmiNote10ProMax_255X255_6.jpeg,TShirt
TShirt_SamsungGalaxyA54_255X255_6.jpeg,TShirt
TShirt_SamsungGalaxyA54_255X255_20.jpeg,TShirt
TShirt_SamsungGalaxyA54_255X255_36.jpeg,TShirt
TShirt_SamsungGalaxyA54_255X255_72.jpeg,TShirt
TShirt_RedmiNote10ProMax_255X255_72.jpeg,TShirt
TShirt_RealmeC17_255X255_49.jpeg,TShirt
TShirt_SamsungGalaxyA54_255X255_62.jpeg,TShirt
TShirt_SamsungGalaxyS24_255X255_6.jpeg,TShirt
TShirt_SamsungGalaxyS24_255X255_20.jpeg,TShirt
TShirt_SamsungGalaxyA54_255X255_114.jpeg,TShirt
TShirt_RealmeC17_255X255_5.jpeg,TShirt
TShirt_SamsungGalaxyA54_255X255_118.jpeg,TShirt
TShirt_RedmiNote10ProMax_255X255_68.jpeg,TShirt
TShirt_RedmiNote10ProMax_255X255_50.jpeg,TShirt
TShirt_SamsungGalaxyA54_255X255_162.jpeg,TShirt
TShirt_SamsungGalaxyA54_255X255_21.jpeg,TShirt
TShirt_RealmeC17_255X255_64.jpeg,TShirt
TShirt_RealmeC17_255X255_84.jpeg,TShirt
TShirt_SamsungGalaxyS24_255X255_1.jpeg,TShirt
TShirt_SamsungGalaxyA54_255X255_54.jpeg,TShirt
TShirt_RedmiNote10ProMax_255X255_9.jpeg,TShirt
TShirt_SamsungGalaxyA54_255X255_24.jpeg,TShirt
TShirt_SamsungGalaxyA54_255X255_73.jpeg,TShirt
TShirt_RedmiNote14_255X255_34.jpeg,TShirt
TShirt_SamsungGalaxyA54_255X255_47.jpeg,TShirt
TShirt_RedmiNote10ProMax_255X255_96.jpeg,TShirt
TShirt_SamsungGalaxyA54_255X255_37.jpeg,TShirt
TShirt_RedmiNote10ProMax_255X255_90.jpeg,TShirt
TShirt_SamsungGalaxyS24_255X255_21.jpeg,TShirt
TShirt_RealmeC17_255X255_43.jpeg,TShirt
TShirt_SamsungGalaxyS24_255X255_90.jpeg,TShirt
TShirt_SamsungGalaxyA54_255X255_56.jpeg,TShirt
TShirt_RedmiNote10ProMax_255X255_45.jpeg,TShirt
TShirt_RealmeC17_255X255_8.jpeg,TShirt
TShirt_RedmiNote14_255X255_48.jpeg,TShirt
TShirt_SamsungGalaxyA54_255X255_166.jpeg,TShirt
TShirt_RedmiNote10ProMax_255X255_77.jpeg,TShirt
TShirt_RedmiNote10ProMax_255X255_81.jpeg,TShirt
TShirt_SamsungGalaxyS24_255X255_2.jpeg,TShirt
TShirt_RealmeC17_255X255_68.jpeg,TShirt
TShirt_RealmeC17_255X255_52.jpeg,TShirt
TShirt_RedmiNote10ProMax_255X255_39.jpeg,TShirt
TShirt_SamsungGalaxyA54_255X255_108.jpeg,TShirt
TShirt_SamsungGalaxyA54_255X255_130.jpeg,TShirt
TShirt_RedmiNote10ProMax_255X255_93.jpeg,TShirt
TShirt_RedmiNote14_255X255_47.jpeg,TShirt
TShirt_SamsungGalaxyA54_255X255_160.jpeg,TShirt
TShirt_RealmeC17_255X255_59.jpeg,TShirt
TShirt_SamsungGalaxyA54_255X255_169.jpeg,TShirt
TShirt_RealmeC17_255X255_33.jpeg,TShirt
TShirt_SamsungGalaxyA54_255X255_44.jpeg,TShirt
TShirt_RedmiNote14_255X255_3.jpeg,TShirt
TShirt_SamsungGalaxyS24_255X255_32.jpeg,TShirt
TShirt_RealmeC17_255X255_3.jpeg,TShirt
TShirt_SamsungGalaxyS24_255X255_79.jpeg,TShirt
TShirt_RedmiNote10ProMax_255X255_53.jpeg,TShirt
TShirt_SamsungGalaxyA54_255X255_96.jpeg,TShirt
TShirt_SamsungGalaxyA54_255X255_121.jpeg,TShirt
TShirt_SamsungGalaxyA54_255X255_148.jpeg,TShirt
TShirt_SamsungGalaxyS24_255X255_59.jpeg,TShirt
TShirt_SamsungGalaxyA54_255X255_50.jpeg,TShirt
TShirt_RedmiNote14_255X255_41.jpeg,TShirt
TShirt_SamsungGalaxyA54_255X255_42.jpeg,TShirt
TShirt_SamsungGalaxyA54_255X255_18.jpeg,TShirt
TShirt_SamsungGalaxyS24_255X255_69.jpeg,TShirt
TShirt_RedmiNote14_255X255_36.jpeg,TShirt
TShirt_RedmiNote10ProMax_255X255_8.jpeg,TShirt
TShirt_RealmeC17_255X255_65.jpeg,TShirt
TShirt_SamsungGalaxyA54_255X255_100.jpeg,TShirt
TShirt_SamsungGalaxyS24_255X255_93.jpeg,TShirt
TShirt_RealmeC17_255X255_73.jpeg,TShirt
TShirt_RealmeC17_255X255_42.jpeg,TShirt
TShirt_RealmeC17_255X255_10.jpeg,TShirt
TShirt_SamsungGalaxyA54_255X255_17.jpeg,TShirt
TShirt_SamsungGalaxyS24_255X255_42.jpeg,TShirt
TShirt_SamsungGalaxyA54_255X255_52.jpeg,TShirt
TShirt_RealmeC17_255X255_78.jpeg,TShirt
TShirt_RedmiNote10ProMax_255X255_57.jpeg,TShirt
TShirt_RealmeC17_255X255_37.jpeg,TShirt
TShirt_RedmiNote10ProMax_255X255_83.jpeg,TShirt
TShirt_SamsungGalaxyA54_255X255_67.jpeg,TShirt
TShirt_SamsungGalaxyA54_255X255_95.jpeg,TShirt
TShirt_RedmiNote10ProMax_255X255_85.jpeg,TShirt
TShirt_SamsungGalaxyS24_255X255_8.jpeg,TShirt
TShirt_RealmeC17_255X255_90.jpeg,TShirt
TShirt_RedmiNote14_255X255_30.jpeg,TShirt
TShirt_RealmeC17_255X255_56.jpeg,TShirt
TShirt_SamsungGalaxyA54_255X255_19.jpeg,TShirt
TShirt_RealmeC17_255X255_98.jpeg,TShirt
TShirt_RedmiNote14_255X255_8.jpeg,TShirt
TShirt_RedmiNote10ProMax_255X255_67.jpeg,TShirt
TShirt_SamsungGalaxyA54_255X255_78.jpeg,TShirt
TShirt_SamsungGalaxyA54_255X255_152.jpeg,TShirt
TShirt_RealmeC17_255X255_88.jpeg,TShirt
TShirt_SamsungGalaxyS24_255X255_86.jpeg,TShirt
TShirt_RedmiNote10ProMax_255X255_92.jpeg,TShirt
TShirt_SamsungGalaxyA54_255X255_144.jpeg,TShirt
TShirt_SamsungGalaxyA54_255X255_110.jpeg,TShirt
TShirt_SamsungGalaxyA54_255X255_113.jpeg,TShirt
TShirt_SamsungGalaxyA54_255X255_46.jpeg,TShirt
TShirt_RedmiNote10ProMax_255X255_3.jpeg,TShirt
TShirt_RedmiNote14_255X255_40.jpeg,TShirt
TShirt_RealmeC17_255X255_96.jpeg,TShirt
TShirt_SamsungGalaxyA54_255X255_134.jpeg,TShirt
TShirt_SamsungGalaxyS24_255X255_71.jpeg,TShirt
TShirt_RedmiNote14_255X255_43.jpeg,TShirt
TShirt_SamsungGalaxyA54_255X255_89.jpeg,TShirt
TShirt_SamsungGalaxyA54_255X255_29.jpeg,TShirt
TShirt_SamsungGalaxyA54_255X255_143.jpeg,TShirt
TShirt_RealmeC17_255X255_76.jpeg,TShirt
TShirt_RedmiNote14_255X255_53.jpeg,TShirt
TShirt_SamsungGalaxyA54_255X255_71.jpeg,TShirt
TShirt_SamsungGalaxyA54_255X255_101.jpeg,TShirt
TShirt_SamsungGalaxyS24_255X255_34.jpeg,TShirt
TShirt_SamsungGalaxyA54_255X255_126.jpeg,TShirt
TShirt_RedmiNote10ProMax_255X255_13.jpeg,TShirt
TShirt_SamsungGalaxyS24_255X255_72.jpeg,TShirt
TShirt_RedmiNote14_255X255_58.jpeg,TShirt
TShirt_RealmeC17_255X255_26.jpeg,TShirt
TShirt_SamsungGalaxyA54_255X255_112.jpeg,TShirt
TShirt_RedmiNote10ProMax_255X255_38.jpeg,TShirt
TShirt_SamsungGalaxyA54_255X255_111.jpeg,TShirt
TShirt_SamsungGalaxyS24_255X255_33.jpeg,TShirt
TShirt_RealmeC17_255X255_86.jpeg,TShirt
TShirt_RealmeC17_255X255_55.jpeg,TShirt
TShirt_SamsungGalaxyA54_255X255_77.jpeg,TShirt
TShirt_RedmiNote10ProMax_255X255_5.jpeg,TShirt
TShirt_RealmeC17_255X255_50.jpeg,TShirt
TShirt_SamsungGalaxyA54_255X255_92.jpeg,TShirt
TShirt_SamsungGalaxyA54_255X255_7.jpeg,TShirt
TShirt_RedmiNote14_255X255_45.jpeg,TShirt
TShirt_SamsungGalaxyA54_255X255_4.jpeg,TShirt
TShirt_RedmiNote10ProMax_255X255_100.jpeg,TShirt
TShirt_RedmiNote10ProMax_255X255_42.jpeg,TShirt
TShirt_SamsungGalaxyA54_255X255_33.jpeg,TShirt
TShirt_SamsungGalaxyS24_255X255_57.jpeg,TShirt
TShirt_RealmeC17_255X255_22.jpeg,TShirt
TShirt_SamsungGalaxyA54_255X255_48.jpeg,TShirt
TShirt_SamsungGalaxyA54_255X255_172.jpeg,TShirt
TShirt_SamsungGalaxyS24_255X255_91.jpeg,TShirt
TShirt_RedmiNote10ProMax_255X255_1.jpeg,TShirt
TShirt_SamsungGalaxyA54_255X255_150.jpeg,TShirt
TShirt_SamsungGalaxyA54_255X255_167.jpeg,TShirt
TShirt_SamsungGalaxyS24_255X255_18.jpeg,TShirt
TShirt_SamsungGalaxyA54_255X255_156.jpeg,TShirt
TShirt_RedmiNote10ProMax_255X255_82.jpeg,TShirt
TShirt_SamsungGalaxyS24_255X255_30.jpeg,TShirt
TShirt_RealmeC17_255X255_11.jpeg,TShirt
TShirt_RedmiNote14_255X255_38.jpeg,TShirt
TShirt_SamsungGalaxyS24_255X255_75.jpeg,TShirt
TShirt_SamsungGalaxyS24_255X255_35.jpeg,TShirt
TShirt_RedmiNote14_255X255_22.jpeg,TShirt
TShirt_RealmeC17_255X255_70.jpeg,TShirt
TShirt_SamsungGalaxyA54_255X255_2.jpeg,TShirt
TShirt_RealmeC17_255X255_31.jpeg,TShirt
TShirt_RedmiNote14_255X255_56.jpeg,TShirt
TShirt_RedmiNote10ProMax_255X255_74.jpeg,TShirt
TShirt_SamsungGalaxyA54_255X255_175.jpeg,TShirt
TShirt_RedmiNote14_255X255_44.jpeg,TShirt
TShirt_SamsungGalaxyA54_255X255_163.jpeg,TShirt
TShirt_SamsungGalaxyS24_255X255_7.jpeg,TShirt
TShirt_SamsungGalaxyA54_255X255_142.jpeg,TShirt
TShirt_SamsungGalaxyA54_255X255_43.jpeg,TShirt
TShirt_SamsungGalaxyA54_255X255_120.jpeg,TShirt
TShirt_RedmiNote14_255X255_6.jpeg,TShirt
TShirt_SamsungGalaxyA54_255X255_157.jpeg,TShirt
TShirt_RedmiNote14_255X255_27.jpeg,TShirt
TShirt_SamsungGalaxyA54_255X255_119.jpeg,TShirt
TShirt_SamsungGalaxyA54_255X255_99.jpeg,TShirt
TShirt_SamsungGalaxyA54_255X255_12.jpeg,TShirt
TShirt_RedmiNote14_255X255_28.jpeg,TShirt
TShirt_RedmiNote14_255X255_33.jpeg,TShirt
TShirt_SamsungGalaxyA54_255X255_60.jpeg,TShirt
TShirt_SamsungGalaxyS24_255X255_88.jpeg,TShirt
TShirt_RedmiNote10ProMax_255X255_64.jpeg,TShirt
TShirt_SamsungGalaxyA54_255X255_80.jpeg,TShirt
TShirt_SamsungGalaxyA54_255X255_76.jpeg,TShirt
TShirt_SamsungGalaxyA54_255X255_153.jpeg,TShirt
TShirt_RealmeC17_255X255_20.jpeg,TShirt
TShirt_RedmiNote10ProMax_255X255_65.jpeg,TShirt
TShirt_SamsungGalaxyS24_255X255_49.jpeg,TShirt
TShirt_SamsungGalaxyA54_255X255_151.jpeg,TShirt
TShirt_SamsungGalaxyS24_255X255_27.jpeg,TShirt
TShirt_RedmiNote14_255X255_1.jpeg,TShirt
TShirt_SamsungGalaxyS24_255X255_23.jpeg,TShirt
TShirt_SamsungGalaxyS24_255X255_25.jpeg,TShirt
TShirt_RedmiNote14_255X255_50.jpeg,TShirt
TShirt_SamsungGalaxyA54_255X255_115.jpeg,TShirt
TShirt_RedmiNote10ProMax_255X255_43.jpeg,TShirt
TShirt_RealmeC17_255X255_15.jpeg,TShirt
TShirt_SamsungGalaxyA54_255X255_65.jpeg,TShirt
TShirt_RealmeC17_255X255_82.jpeg,TShirt
TShirt_RealmeC17_255X255_19.jpeg,TShirt
TShirt_SamsungGalaxyA54_255X255_30.jpeg,TShirt
TShirt_SamsungGalaxyA54_255X255_40.jpeg,TShirt
TShirt_RealmeC17_255X255_4.jpeg,TShirt
TShirt_SamsungGalaxyS24_255X255_17.jpeg,TShirt
TShirt_SamsungGalaxyA54_255X255_107.jpeg,TShirt
TShirt_SamsungGalaxyA54_255X255_164.jpeg,TShirt
TShirt_RealmeC17_255X255_1.jpeg,TShirt
TShirt_RedmiNote10ProMax_255X255_16.jpeg,TShirt
TShirt_RealmeC17_255X255_2.jpeg,TShirt
TShirt_SamsungGalaxyA54_255X255_159.jpeg,TShirt
TShirt_RealmeC17_255X255_24.jpeg,TShirt
TShirt_SamsungGalaxyA54_255X255_122.jpeg,TShirt
TShirt_RealmeC17_255X255_29.jpeg,TShirt
TShirt_RedmiNote10ProMax_255X255_54.jpeg,TShirt
TShirt_SamsungGalaxyS24_255X255_89.jpeg,TShirt
TShirt_RealmeC17_255X255_6.jpeg,TShirt
TShirt_RedmiNote10ProMax_255X255_46.jpeg,TShirt
TShirt_SamsungGalaxyS24_255X255_15.jpeg,TShirt
TShirt_SamsungGalaxyS24_255X255_16.jpeg,TShirt
TShirt_SamsungGalaxyA54_255X255_79.jpeg,TShirt
TShirt_RedmiNote10ProMax_255X255_56.jpeg,TShirt
TShirt_SamsungGalaxyA54_255X255_57.jpeg,TShirt
TShirt_RedmiNote10ProMax_255X255_70.jpeg,TShirt
TShirt_SamsungGalaxyS24_255X255_29.jpeg,TShirt
TShirt_RedmiNote14_255X255_24.jpeg,TShirt
TShirt_SamsungGalaxyA54_255X255_82.jpeg,TShirt
TShirt_RedmiNote10ProMax_255X255_23.jpeg,TShirt
TShirt_SamsungGalaxyA54_255X255_88.jpeg,TShirt
TShirt_RealmeC17_255X255_39.jpeg,TShirt
TShirt_RealmeC17_255X255_30.jpeg,TShirt
TShirt_SamsungGalaxyS24_255X255_68.jpeg,TShirt
TShirt_SamsungGalaxyA54_255X255_146.jpeg,TShirt
TShirt_SamsungGalaxyS24_255X255_26.jpeg,TShirt
TShirt_RedmiNote10ProMax_255X255_41.jpeg,TShirt
TShirt_RealmeC17_255X255_16.jpeg,TShirt
TShirt_SamsungGalaxyS24_255X255_87.jpeg,TShirt
TShirt_RealmeC17_255X255_91.jpeg,TShirt
TShirt_SamsungGalaxyA54_255X255_127.jpeg,TShirt
TShirt_SamsungGalaxyS24_255X255_70.jpeg,TShirt
TShirt_RedmiNote10ProMax_255X255_49.jpeg,TShirt
TShirt_RealmeC17_255X255_60.jpeg,TShirt
TShirt_SamsungGalaxyA54_255X255_131.jpeg,TShirt
TShirt_RedmiNote10ProMax_255X255_37.jpeg,TShirt
TShirt_RedmiNote14_255X255_5.jpeg,TShirt
TShirt_RealmeC17_255X255_44.jpeg,TShirt
TShirt_SamsungGalaxyA54_255X255_105.jpeg,TShirt
TShirt_RedmiNote10ProMax_255X255_26.jpeg,TShirt
TShirt_RealmeC17_255X255_72.jpeg,TShirt
TShirt_RealmeC17_255X255_32.jpeg,TShirt
TShirt_SamsungGalaxyS24_255X255_82.jpeg,TShirt
TShirt_SamsungGalaxyA54_255X255_34.jpeg,TShirt
TShirt_SamsungGalaxyS24_255X255_66.jpeg,TShirt
TShirt_RedmiNote10ProMax_255X255_18.jpeg,TShirt
TShirt_RedmiNote10ProMax_255X255_40.jpeg,TShirt
TShirt_RealmeC17_255X255_7.jpeg,TShirt
TShirt_RedmiNote10ProMax_255X255_10.jpeg,TShirt
TShirt_SamsungGalaxyA54_255X255_155.jpeg,TShirt
TShirt_SamsungGalaxyS24_255X255_81.jpeg,TShirt
TShirt_SamsungGalaxyS24_255X255_92.jpeg,TShirt
TShirt_SamsungGalaxyA54_255X255_23.jpeg,TShirt
TShirt_RedmiNote10ProMax_255X255_58.jpeg,TShirt
TShirt_RedmiNote14_255X255_12.jpeg,TShirt
TShirt_RedmiNote14_255X255_23.jpeg,TShirt
TShirt_RealmeC17_255X255_74.jpeg,TShirt
TShirt_SamsungGalaxyA54_255X255_3.jpeg,TShirt
TShirt_SamsungGalaxyA54_255X255_145.jpeg,TShirt
TShirt_RedmiNote10ProMax_255X255_47.jpeg,TShirt
TShirt_RedmiNote10ProMax_255X255_11.jpeg,TShirt
TShirt_RedmiNote10ProMax_255X255_29.jpeg,TShirt
TShirt_RedmiNote14_255X255_18.jpeg,TShirt
TShirt_RedmiNote14_255X255_13.jpeg,TShirt
TShirt_RedmiNote10ProMax_255X255_62.jpeg,TShirt
TShirt_RealmeC17_255X255_95.jpeg,TShirt
TShirt_RedmiNote10ProMax_255X255_30.jpeg,TShirt
TShirt_RedmiNote14_255X255_29.jpeg,TShirt
TShirt_RedmiNote14_255X255_54.jpeg,TShirt
TShirt_RedmiNote10ProMax_255X255_95.jpeg,TShirt
TShirt_SamsungGalaxyA54_255X255_26.jpeg,TShirt
TShirt_SamsungGalaxyS24_255X255_41.jpeg,TShirt
TShirt_RealmeC17_255X255_17.jpeg,TShirt
TShirt_RealmeC17_255X255_12.jpeg,TShirt
TShirt_RealmeC17_255X255_80.jpeg,TShirt
TShirt_RedmiNote10ProMax_255X255_51.jpeg,TShirt
TShirt_SamsungGalaxyA54_255X255_165.jpeg,TShirt
TShirt_SamsungGalaxyS24_255X255_77.jpeg,TShirt
TShirt_SamsungGalaxyS24_255X255_24.jpeg,TShirt
TShirt_SamsungGalaxyA54_255X255_25.jpeg,TShirt
TShirt_RedmiNote10ProMax_255X255_91.jpeg,TShirt
TShirt_RealmeC17_255X255_66.jpeg,TShirt
TShirt_SamsungGalaxyS24_255X255_48.jpeg,TShirt
TShirt_RealmeC17_255X255_51.jpeg,TShirt
TShirt_SamsungGalaxyS24_255X255_58.jpeg,TShirt
TShirt_RedmiNote14_255X255_49.jpeg,TShirt
TShirt_SamsungGalaxyA54_255X255_68.jpeg,TShirt
TShirt_RedmiNote10ProMax_255X255_80.jpeg,TShirt
TShirt_RedmiNote10ProMax_255X255_61.jpeg,TShirt
TShirt_RealmeC17_255X255_14.jpeg,TShirt
TShirt_RealmeC17_255X255_69.jpeg,TShirt
TShirt_SamsungGalaxyS24_255X255_36.jpeg,TShirt
TShirt_RealmeC17_255X255_36.jpeg,TShirt
TShirt_RedmiNote10ProMax_255X255_97.jpeg,TShirt
TShirt_SamsungGalaxyS24_255X255_56.jpeg,TShirt
TShirt_RedmiNote10ProMax_255X255_98.jpeg,TShirt
TShirt_RedmiNote14_255X255_39.jpeg,TShirt
TShirt_RedmiNote10ProMax_255X255_31.jpeg,TShirt
TShirt_RedmiNote14_255X255_35.jpeg,TShirt
TShirt_RedmiNote10ProMax_255X255_76.jpeg,TShirt
TShirt_RedmiNote10ProMax_255X255_73.jpeg,TShirt
TShirt_RedmiNote10ProMax_255X255_24.jpeg,TShirt
TShirt_SamsungGalaxyS24_255X255_9.jpeg,TShirt
TShirt_SamsungGalaxyS24_255X255_76.jpeg,TShirt
TShirt_RedmiNote10ProMax_255X255_28.jpeg,TShirt
TShirt_SamsungGalaxyA54_255X255_94.jpeg,TShirt
TShirt_SamsungGalaxyA54_255X255_15.jpeg,TShirt
TShirt_SamsungGalaxyA54_255X255_125.jpeg,TShirt
TShirt_SamsungGalaxyA54_255X255_104.jpeg,TShirt
TShirt_SamsungGalaxyA54_255X255_173.jpeg,TShirt
TShirt_SamsungGalaxyA54_255X255_133.jpeg,TShirt
TShirt_RedmiNote10ProMax_255X255_78.jpeg,TShirt
TShirt_SamsungGalaxyS24_255X255_3.jpeg,TShirt
TShirt_RedmiNote14_255X255_4.jpeg,TShirt
TShirt_RedmiNote10ProMax_255X255_27.jpeg,TShirt
TShirt_RedmiNote14_255X255_55.jpeg,TShirt
TShirt_RedmiNote14_255X255_21.jpeg,TShirt
TShirt_RedmiNote10ProMax_255X255_48.jpeg,TShirt
TShirt_SamsungGalaxyS24_255X255_64.jpeg,TShirt
TShirt_SamsungGalaxyS24_255X255_5.jpeg,TShirt
TShirt_RealmeC17_255X255_46.jpeg,TShirt
TShirt_SamsungGalaxyA54_255X255_81.jpeg,TShirt
TShirt_RedmiNote10ProMax_255X255_55.jpeg,TShirt
TShirt_SamsungGalaxyA54_255X255_63.jpeg,TShirt
TShirt_RealmeC17_255X255_45.jpeg,TShirt
TShirt_RealmeC17_255X255_62.jpeg,TShirt
TShirt_SamsungGalaxyA54_255X255_22.jpeg,TShirt
TShirt_SamsungGalaxyS24_255X255_74.jpeg,TShirt
TShirt_SamsungGalaxyA54_255X255_149.jpeg,TShirt
TShirt_SamsungGalaxyA54_255X255_123.jpeg,TShirt
TShirt_SamsungGalaxyS24_255X255_60.jpeg,TShirt
TShirt_SamsungGalaxyS24_255X255_11.jpeg,TShirt
TShirt_SamsungGalaxyA54_255X255_13.jpeg,TShirt
TShirt_RedmiNote14_255X255_31.jpeg,TShirt
TShirt_SamsungGalaxyA54_255X255_109.jpeg,TShirt
TShirt_RedmiNote10ProMax_255X255_94.jpeg,TShirt
TShirt_RealmeC17_255X255_94.jpeg,TShirt
TShirt_RealmeC17_255X255_79.jpeg,TShirt
TShirt_SamsungGalaxyS24_255X255_12.jpeg,TShirt
TShirt_RedmiNote10ProMax_255X255_12.jpeg,TShirt
TShirt_SamsungGalaxyA54_255X255_106.jpeg,TShirt
TShirt_SamsungGalaxyS24_255X255_31.jpeg,TShirt
TShirt_RealmeC17_255X255_81.jpeg,TShirt
TShirt_RedmiNote10ProMax_255X255_89.jpeg,TShirt
TShirt_SamsungGalaxyA54_255X255_85.jpeg,TShirt
TShirt_RedmiNote10ProMax_255X255_34.jpeg,TShirt
TShirt_SamsungGalaxyS24_255X255_40.jpeg,TShirt
TShirt_RedmiNote10ProMax_255X255_52.jpeg,TShirt
TShirt_SamsungGalaxyS24_255X255_10.jpeg,TShirt
TShirt_RealmeC17_255X255_21.jpeg,TShirt
TShirt_SamsungGalaxyS24_255X255_51.jpeg,TShirt
TShirt_RealmeC17_255X255_47.jpeg,TShirt
TShirt_SamsungGalaxyA54_255X255_5.jpeg,TShirt
TShirt_RealmeC17_255X255_9.jpeg,TShirt
TShirt_RealmeC17_255X255_85.jpeg,TShirt
TShirt_RedmiNote10ProMax_255X255_33.jpeg,TShirt
TShirt_RealmeC17_255X255_61.jpeg,TShirt
TShirt_RealmeC17_255X255_28.jpeg,TShirt
TShirt_RedmiNote10ProMax_255X255_14.jpeg,TShirt
TShirt_SamsungGalaxyS24_255X255_54.jpeg,TShirt
TShirt_RedmiNote10ProMax_255X255_75.jpeg,TShirt
TShirt_SamsungGalaxyA54_255X255_70.jpeg,TShirt
TShirt_RealmeC17_255X255_93.jpeg,TShirt
TShirt_SamsungGalaxyS24_255X255_4.jpeg,TShirt
TShirt_RedmiNote14_255X255_2.jpeg,TShirt
TShirt_RedmiNote10ProMax_255X255_4.jpeg,TShirt
TShirt_SamsungGalaxyA54_255X255_124.jpeg,TShirt
TShirt_RedmiNote14_255X255_20.jpeg,TShirt
TShirt_RedmiNote14_255X255_42.jpeg,TShirt
TShirt_SamsungGalaxyS24_255X255_50.jpeg,TShirt
TShirt_RedmiNote14_255X255_16.jpeg,TShirt
TShirt_RedmiNote10ProMax_255X255_59.jpeg,TShirt
TShirt_SamsungGalaxyA54_255X255_83.jpeg,TShirt
TShirt_SamsungGalaxyA54_255X255_168.jpeg,TShirt
TShirt_SamsungGalaxyA54_255X255_8.jpeg,TShirt
TShirt_SamsungGalaxyS24_255X255_73.jpeg,TShirt
TShirt_RealmeC17_255X255_40.jpeg,TShirt
TShirt_RealmeC17_255X255_83.jpeg,TShirt
TShirt_SamsungGalaxyA54_255X255_45.jpeg,TShirt
TShirt_RealmeC17_255X255_100.jpeg,TShirt
TShirt_RedmiNote14_255X255_59.jpeg,TShirt
TShirt_RedmiNote10ProMax_255X255_35.jpeg,TShirt
TShirt_SamsungGalaxyA54_255X255_136.jpeg,TShirt
TShirt_SamsungGalaxyS24_255X255_63.jpeg,TShirt
TShirt_RedmiNote10ProMax_255X255_17.jpeg,TShirt
TShirt_SamsungGalaxyS24_255X255_83.jpeg,TShirt
TShirt_SamsungGalaxyA54_255X255_128.jpeg,TShirt
TShirt_SamsungGalaxyA54_255X255_49.jpeg,TShirt
TShirt_SamsungGalaxyA54_255X255_97.jpeg,TShirt
TShirt_SamsungGalaxyS24_255X255_19.jpeg,TShirt
TShirt_SamsungGalaxyS24_255X255_78.jpeg,TShirt
TShirt_RedmiNote10ProMax_255X255_99.jpeg,TShirt
TShirt_SamsungGalaxyA54_255X255_10.jpeg,TShirt
TShirt_RedmiNote10ProMax_255X255_25.jpeg,TShirt
TShirt_RedmiNote10ProMax_255X255_88.jpeg,TShirt
TShirt_RedmiNote14_255X255_9.jpeg,TShirt
TShirt_SamsungGalaxyA54_255X255_135.jpeg,TShirt
TShirt_RealmeC17_255X255_53.jpeg,TShirt
TShirt_RedmiNote10ProMax_255X255_69.jpeg,TShirt
TShirt_SamsungGalaxyA54_255X255_75.jpeg,TShirt
TShirt_SamsungGalaxyA54_255X255_28.jpeg,TShirt
TShirt_SamsungGalaxyS24_255X255_14.jpeg,TShirt
TShirt_SamsungGalaxyA54_255X255_171.jpeg,TShirt
TShirt_SamsungGalaxyA54_255X255_139.jpeg,TShirt
TShirt_SamsungGalaxyA54_255X255_51.jpeg,TShirt
TShirt_SamsungGalaxyA54_255X255_59.jpeg,TShirt
TShirt_SamsungGalaxyS24_255X255_52.jpeg,TShirt
TShirt_SamsungGalaxyA54_255X255_137.jpeg,TShirt
TShirt_SamsungGalaxyS24_255X255_39.jpeg,TShirt
TShirt_SamsungGalaxyA54_255X255_35.jpeg,TShirt
TShirt_SamsungGalaxyA54_255X255_98.jpeg,TShirt
TShirt_RealmeC17_255X255_75.jpeg,TShirt
TShirt_SamsungGalaxyA54_255X255_27.jpeg,TShirt
TShirt_RealmeC17_255X255_67.jpeg,TShirt
TShirt_SamsungGalaxyA54_255X255_93.jpeg,TShirt
TShirt_SamsungGalaxyA54_255X255_140.jpeg,TShirt
TShirt_SamsungGalaxyS24_255X255_47.jpeg,TShirt
TShirt_RedmiNote10ProMax_255X255_71.jpeg,TShirt
TShirt_RedmiNote10ProMax_255X255_20.jpeg,TShirt
TShirt_RealmeC17_255X255_63.jpeg,TShirt
TShirt_SamsungGalaxyA54_255X255_66.jpeg,TShirt
TShirt_SamsungGalaxyA54_255X255_9.jpeg,TShirt
TShirt_RealmeC17_255X255_25.jpeg,TShirt
TShirt_SamsungGalaxyA54_255X255_87.jpeg,TShirt
TShirt_SamsungGalaxyA54_255X255_86.jpeg,TShirt
TShirt_RedmiNote14_255X255_10.jpeg,TShirt
TShirt_SamsungGalaxyA54_255X255_64.jpeg,TShirt
TShirt_SamsungGalaxyA54_255X255_31.jpeg,TShirt
TShirt_RedmiNote14_255X255_46.jpeg,TShirt
TShirt_RedmiNote10ProMax_255X255_87.jpeg,TShirt
TShirt_SamsungGalaxyS24_255X255_62.jpeg,TShirt
TShirt_SamsungGalaxyA54_255X255_116.jpeg,TShirt
TShirt_RedmiNote14_255X255_19.jpeg,TShirt
